name,email,age
John Doe,john.doe@example.com,29
Jane Smith,jane.smith@example.com,34
Alice Johnson,alice.johnson@example.com,22
Bob Williams,bob.williams@example.com,41
Charlie Brown,charlie.brown@example.com,37
Emily Davis,emily.davis@example.com,25
Frank Miller,frank.miller@example.com,48
Grace Lee,grace.lee@example.com,30
Henry Wilson,henry.wilson@example.com,45
Irene Scott,irene.scott@example.com,28
Jack White,jack.white@example.com,32
Kate Hall,kate.hall@example.com,23
Liam Taylor,liam.taylor@example.com,50
Mia Harris,mia.harris@example.com,27
Nathan Clark,nathan.clark@example.com,40
Olivia Martinez,olivia.martinez@example.com,35
Paul Lewis,paul.lewis@example.com,38
Quinn Turner,quinn.turner@example.com,31
Ruby Walker,ruby.walker@example.com,26
Samuel King,samuel.king@example.com,42